{
  "cfg": {
    "train_lmdb": "./autodl-fs/train_64_png_lmdb.mdb",
    "val_lmdb": "./autodl-fs/val_64_png_lmdb.mdb",
    "out_dir": "./autodl-tmp/checkpoints_png",
    "log_dir": "tf-logs",
    "seed": 42,
    "num_workers": 4,
    "amp": true,
    "use_compile": false,
    "channels_last": true,
    "pin_memory": false,
    "persistent_workers": false,
    "in_ch": 4,
    "add_hp": true,
    "add_lap": true,
    "add_grid": true,
    "dropout": 0.3,
    "epochs": 250,
    "batch_size": 768,
    "accum_steps": 1,
    "lr_max": 0.0008,
    "weight_decay": 0.01,
    "grad_clip": 2.0,
    "pct_start": 0.15,
    "div_factor": 25.0,
    "final_div_factor": 10000.0,
    "sigma_start": 2.1,
    "sigma_end": 0.6,
    "entropy_w_max": 0.005,
    "use_balanced_sampler": true,
    "sampler_power": 0.7,
    "use_ema": true,
    "ema_decay": 0.999,
    "use_tta": true,
    "use_piecewise_calib": true,
    "calib_bins": 12,
    "calib_min_count": 30,
    "save_every_steps": 1000,
    "val_every_epochs": 1,
    "resume": ""
  },
  "calibrator": {
    "num_bins": 12,
    "min_count": 30,
    "min_qf": 1.0,
    "max_qf": 99.0,
    "monotonic": true,
    "x": [
      1.0,
      5.154573440551758,
      13.474730491638184,
      21.140037536621094,
      29.168764114379883,
      37.69333267211914,
      46.140769958496094,
      54.25016403198242,
      62.444908142089844,
      70.68597412109375,
      78.95661163330078,
      87.026611328125,
      95.15827941894531,
      99.0
    ],
    "y": [
      1.0,
      5.0,
      13.0,
      21.0,
      29.0,
      37.0,
      46.0,
      54.0,
      62.0,
      71.0,
      79.0,
      87.0,
      95.0,
      99.0
    ]
  },
  "weight_type": "model",
  "input_hw": [
    64,
    64
  ],
  "input_norm": "x = y/255.0 - 0.5"
}